{
    "train_loss": [
        0.694797124181475,
        0.6977327040263585,
        0.6907520123890468,
        0.6882397532463074,
        0.6915246248245239,
        0.6525240795952933,
        0.6183679359299796,
        0.5806638768741063,
        0.5832358662571225,
        0.603000785623278,
        0.5349156515938895
    ],
    "train_accuracy": [
        0.4722222222222222,
        0.6111111111111112,
        0.5740740740740741,
        0.5740740740740741,
        0.5462962962962963,
        0.6481481481481481,
        0.6666666666666666,
        0.7314814814814815,
        0.6851851851851852,
        0.6111111111111112,
        0.7407407407407407
    ],
    "train_time": [
        20.45751667022705,
        15.424931764602661,
        15.868682622909546,
        15.245577573776245,
        15.031434774398804,
        15.301690578460693,
        15.061988353729248,
        14.840803146362305,
        14.818421363830566,
        14.834856510162354,
        14.894006490707397
    ],
    "valid_loss": [
        0.6893060356378555,
        0.6843084543943405,
        0.6768327951431274,
        0.657966136932373,
        0.6546625047922134,
        0.6136326789855957,
        0.6573581844568253,
        0.6553149223327637,
        0.4378811940550804,
        0.5489677786827087,
        0.6401815712451935
    ],
    "valid_accuracy": [
        0.6428571428571429,
        0.8928571428571429,
        0.8214285714285714,
        0.5357142857142857,
        0.75,
        0.8571428571428571,
        0.5357142857142857,
        0.5,
        0.8928571428571429,
        0.7142857142857143,
        0.6071428571428571
    ],
    "valid_time": [
        3.979771137237549,
        4.151670217514038,
        4.13614296913147,
        3.854858875274658,
        3.9848709106445312,
        3.8663125038146973,
        3.8395462036132812,
        3.821882486343384,
        3.8094727993011475,
        3.8351454734802246,
        3.8360018730163574
    ],
    "epoch": [
        0,
        1,
        2,
        3,
        4,
        5,
        6,
        7,
        8,
        9,
        10
    ],
    "epoch_time": [
        24.4372878074646,
        19.5766019821167,
        20.004825592041016,
        19.100436449050903,
        19.016305685043335,
        19.16800308227539,
        18.90153455734253,
        18.66268563270569,
        18.627894163131714,
        18.670001983642578,
        18.730008363723755
    ],
    "valid_loss_min": [
        0.6893060356378555,
        0.6843084543943405,
        0.6768327951431274,
        0.657966136932373,
        0.6546625047922134,
        0.6136326789855957,
        0.6136326789855957,
        0.6136326789855957,
        0.4378811940550804,
        0.4378811940550804,
        0.4378811940550804
    ]
}