{
    "train_loss": [
        0.7005964134420667,
        0.6856834122112819,
        0.6931498561586652,
        0.6846306707177844,
        0.670337975025177,
        0.6364708329950061,
        0.6611884598221097,
        0.5399263735328402,
        0.5341623617070062,
        0.5311301244156701,
        0.5258122639996665,
        0.4831905599151339,
        0.5443971816982541,
        0.4338441283575126,
        0.505877921623843
    ],
    "train_accuracy": [
        0.5045871559633027,
        0.5963302752293578,
        0.6055045871559633,
        0.5871559633027523,
        0.6788990825688074,
        0.7064220183486238,
        0.6513761467889908,
        0.7247706422018348,
        0.7339449541284404,
        0.7247706422018348,
        0.7247706422018348,
        0.7614678899082569,
        0.7339449541284404,
        0.8165137614678899,
        0.6972477064220184
    ],
    "train_time": [
        14.517727136611938,
        20.59008550643921,
        16.172239303588867,
        12.946246862411499,
        13.032290935516357,
        12.606114149093628,
        12.319048643112183,
        12.463815927505493,
        12.385452032089233,
        12.370880603790283,
        12.520842790603638,
        12.759611368179321,
        12.964414119720459,
        12.664750099182129,
        12.53606915473938
    ],
    "valid_loss": [
        0.6919965445995331,
        0.6875845789909363,
        0.6836334019899368,
        0.6887920796871185,
        0.6674013435840607,
        0.7400809675455093,
        0.6386602967977524,
        0.8091210201382637,
        0.6217694953083992,
        0.6746453195810318,
        0.5095565617084503,
        0.46174994856119156,
        0.40395011752843857,
        1.0086800158023834,
        0.6259862631559372
    ],
    "valid_accuracy": [
        0.6666666666666666,
        0.5185185185185185,
        0.48148148148148145,
        0.5185185185185185,
        0.5555555555555556,
        0.5185185185185185,
        0.48148148148148145,
        0.48148148148148145,
        0.5555555555555556,
        0.6666666666666666,
        0.8148148148148148,
        0.8148148148148148,
        0.8148148148148148,
        0.5185185185185185,
        0.7777777777777778
    ],
    "valid_time": [
        3.8891258239746094,
        3.955148696899414,
        3.4467029571533203,
        3.429417848587036,
        3.162470579147339,
        3.05356764793396,
        3.0605733394622803,
        3.0553181171417236,
        3.062751054763794,
        3.0916645526885986,
        3.101443290710449,
        3.165013074874878,
        3.11875057220459,
        3.0965447425842285,
        3.0924084186553955
    ],
    "epoch": [
        0,
        1,
        2,
        3,
        4,
        5,
        6,
        7,
        8,
        9,
        10,
        11,
        12,
        13,
        14
    ],
    "epoch_time": [
        18.406852960586548,
        24.545234203338623,
        19.618942260742188,
        16.375664710998535,
        16.194761514663696,
        15.659681797027588,
        15.379621982574463,
        15.519134044647217,
        15.448203086853027,
        15.462545156478882,
        15.622286081314087,
        15.9246244430542,
        16.0839364528656,
        15.761294841766357,
        15.628477573394775
    ],
    "valid_loss_min": [
        0.6919965445995331,
        0.6875845789909363,
        0.6836334019899368,
        0.6836334019899368,
        0.6674013435840607,
        0.6674013435840607,
        0.6386602967977524,
        0.6386602967977524,
        0.6217694953083992,
        0.6217694953083992,
        0.5095565617084503,
        0.46174994856119156,
        0.40395011752843857,
        0.40395011752843857,
        0.40395011752843857
    ]
}