{
    "train_loss": [
        0.6949090574468885,
        0.7370772276605878,
        0.6923911486353193,
        0.6864663362503052,
        0.6893503665924072,
        0.6768431876386914,
        0.6669705765587943,
        0.6275592233453479,
        0.6046570198876517,
        0.5709528114114489,
        0.5857566595077515,
        0.5878448954650334,
        0.6170331409999302,
        0.5770694741180965,
        0.46046656902347294
    ],
    "train_accuracy": [
        0.5321100917431193,
        0.4954128440366973,
        0.5779816513761468,
        0.5412844036697247,
        0.5412844036697247,
        0.5596330275229358,
        0.6330275229357798,
        0.6513761467889908,
        0.6513761467889908,
        0.7064220183486238,
        0.7339449541284404,
        0.6788990825688074,
        0.6880733944954128,
        0.6972477064220184,
        0.7798165137614679
    ],
    "train_time": [
        12.683735847473145,
        12.52630066871643,
        12.67443585395813,
        12.577930688858032,
        12.458205223083496,
        12.622032880783081,
        12.97401738166809,
        12.547674179077148,
        12.475330114364624,
        12.397808313369751,
        12.286377906799316,
        12.393393278121948,
        12.678619861602783,
        12.948314666748047,
        13.131971836090088
    ],
    "valid_loss": [
        0.7170943468809128,
        0.688322514295578,
        0.6785075515508652,
        0.6884949207305908,
        0.6650286614894867,
        0.6571086049079895,
        0.6449287384748459,
        0.6290897130966187,
        0.6629212647676468,
        0.988579586148262,
        0.5836313664913177,
        0.5393836498260498,
        0.5069763287901878,
        0.5390042811632156,
        0.6480767130851746
    ],
    "valid_accuracy": [
        0.5185185185185185,
        0.5185185185185185,
        0.5185185185185185,
        0.48148148148148145,
        0.5185185185185185,
        0.6666666666666666,
        0.7407407407407407,
        0.5925925925925926,
        0.5925925925925926,
        0.48148148148148145,
        0.7407407407407407,
        0.6666666666666666,
        0.7777777777777778,
        0.7037037037037037,
        0.6296296296296297
    ],
    "valid_time": [
        3.0924885272979736,
        3.090548038482666,
        3.0737509727478027,
        3.11620831489563,
        3.1315877437591553,
        3.1795194149017334,
        3.176730155944824,
        3.0882537364959717,
        3.058568000793457,
        3.0577235221862793,
        3.057842493057251,
        3.0479354858398438,
        3.243314743041992,
        3.2206103801727295,
        3.2834808826446533
    ],
    "epoch": [
        0,
        1,
        2,
        3,
        4,
        5,
        6,
        7,
        8,
        9,
        10,
        11,
        12,
        13,
        14
    ],
    "epoch_time": [
        15.776224374771118,
        15.616848707199097,
        15.748186826705933,
        15.694139003753662,
        15.589792966842651,
        15.801552295684814,
        16.150747537612915,
        15.63592791557312,
        15.533898115158081,
        15.45553183555603,
        15.344220399856567,
        15.441328763961792,
        15.922942876815796,
        16.16993546485901,
        16.41545271873474
    ],
    "valid_loss_min": [
        0.7170943468809128,
        0.688322514295578,
        0.6785075515508652,
        0.6785075515508652,
        0.6650286614894867,
        0.6571086049079895,
        0.6449287384748459,
        0.6290897130966187,
        0.6290897130966187,
        0.6290897130966187,
        0.5836313664913177,
        0.5393836498260498,
        0.5069763287901878,
        0.5069763287901878,
        0.5069763287901878
    ]
}