{
    "train_loss": [
        0.6921746347631726,
        0.6971760221890041,
        0.6787800746304649,
        0.672687006848199,
        0.6423702239990234,
        0.6215693397181374,
        0.5629147057022367
    ],
    "train_accuracy": [
        0.5688073394495413,
        0.4954128440366973,
        0.5779816513761468,
        0.5779816513761468,
        0.6330275229357798,
        0.7064220183486238,
        0.7522935779816514
    ],
    "train_time": [
        15.887941122055054,
        15.757434606552124,
        15.579240798950195,
        23.159385681152344,
        22.53627586364746,
        14.53459095954895,
        14.538371801376343
    ],
    "valid_loss": [
        0.702651247382164,
        0.697722464799881,
        0.6877203434705734,
        0.6943066269159317,
        0.5840784162282944,
        0.9445692300796509,
        0.6454553306102753
    ],
    "valid_accuracy": [
        0.48148148148148145,
        0.48148148148148145,
        0.48148148148148145,
        0.48148148148148145,
        0.7407407407407407,
        0.48148148148148145,
        0.5925925925925926
    ],
    "valid_time": [
        3.919321298599243,
        3.8347392082214355,
        3.913228988647461,
        4.332639694213867,
        3.585212230682373,
        3.575080633163452,
        3.5757522583007812
    ],
    "epoch": [
        0,
        1,
        2,
        3,
        4,
        5,
        6
    ],
    "epoch_time": [
        19.807262420654297,
        19.59217381477356,
        19.492469787597656,
        27.49202537536621,
        26.121488094329834,
        18.109671592712402,
        18.114124059677124
    ],
    "valid_loss_min": [
        0.702651247382164,
        0.697722464799881,
        0.6877203434705734,
        0.6877203434705734,
        0.5840784162282944,
        0.5840784162282944,
        0.5840784162282944
    ]
}