{
    "train_loss": [
        0.6997919380664825,
        0.6942835279873439,
        0.6937941610813141,
        0.6993222279208047,
        0.6765814636434827,
        0.6573957587991442,
        0.6476923057011196,
        0.6163137831858226,
        0.5370977882828031,
        0.5817458225148064,
        0.5565289003508431
    ],
    "train_accuracy": [
        0.47706422018348627,
        0.47706422018348627,
        0.5504587155963303,
        0.5504587155963303,
        0.6697247706422018,
        0.5871559633027523,
        0.6422018348623854,
        0.6880733944954128,
        0.7706422018348624,
        0.6697247706422018,
        0.6605504587155964
    ],
    "train_time": [
        12.57810664176941,
        12.41293478012085,
        12.75229287147522,
        12.81086015701294,
        12.539088249206543,
        12.637892723083496,
        12.833709239959717,
        12.685839414596558,
        12.495020151138306,
        12.63211178779602,
        12.594735860824585
    ],
    "valid_loss": [
        0.6919522434473038,
        0.6908942759037018,
        0.6808851957321167,
        0.6844499111175537,
        0.638120710849762,
        0.6050073504447937,
        0.5500991269946098,
        0.4817051887512207,
        0.402474120259285,
        0.5538852736353874,
        0.43557140976190567
    ],
    "valid_accuracy": [
        0.48148148148148145,
        0.48148148148148145,
        0.9259259259259259,
        0.48148148148148145,
        0.5185185185185185,
        0.8888888888888888,
        0.7037037037037037,
        0.8888888888888888,
        0.8888888888888888,
        0.5925925925925926,
        0.9259259259259259
    ],
    "valid_time": [
        3.09822940826416,
        3.0949130058288574,
        3.142015218734741,
        3.0126144886016846,
        3.0838756561279297,
        3.164163589477539,
        3.0745904445648193,
        3.0438790321350098,
        3.125054121017456,
        3.0800890922546387,
        3.1107776165008545
    ],
    "epoch": [
        0,
        1,
        2,
        3,
        4,
        5,
        6,
        7,
        8,
        9,
        10
    ],
    "epoch_time": [
        15.67633605003357,
        15.523462533950806,
        15.895307540893555,
        15.823474645614624,
        15.638482332229614,
        15.802056312561035,
        15.908299684524536,
        15.729718446731567,
        15.620074272155762,
        15.71220088005066,
        15.70551347732544
    ],
    "valid_loss_min": [
        0.6919522434473038,
        0.6908942759037018,
        0.6808851957321167,
        0.6808851957321167,
        0.638120710849762,
        0.6050073504447937,
        0.5500991269946098,
        0.4817051887512207,
        0.402474120259285,
        0.402474120259285,
        0.402474120259285
    ]
}